region,site,date,start_time,end_time,capture_time,species,swab_id,photo,photo_id,notes_amphib1,notes_amphib2,notes_species_merge,correct_species
Fortuna,Alleman,7/7/2014,20:02:00,21:47:00,20:26:00,unknown species,140707_01,0,NA,check swab vial for species ID,NA,NA,
Fortuna,Alleman,7/7/2014,20:02:00,21:47:00,20:28:00,unknown species,140707_02,0,NA,check swab vial for species ID,NA,NA,
Fortuna,Alleman,7/7/2014,20:02:00,21:47:00,20:55:00,unknown species,140707_03,0,NA,check swab vial for species ID,NA,NA,
Fortuna,Alleman,7/7/2014,20:02:00,21:47:00,21:20:00,unknown species,140707_04,0,NA,check swab vial for species ID,NA,NA,
Fortuna,Alleman,7/7/2014,20:02:00,21:47:00,21:20:00,unknown species,140707_05,0,NA,check swab vial for species ID,NA,NA,
Fortuna,Alleman,7/7/2014,20:02:00,21:47:00,21:41:00,unknown species,140707_06,0,NA,check swab vial for species ID,NA,NA,
Fortuna,Alleman,12/11/2017,20:50:00,22:00:00,NA,unknown species,NA,0,NA,22 eggs,NA,NA,
Fortuna,Alleman,12/13/2018,16:34:00,17:57:00,17:10:00,unknown species,NA,0,NA,NA,NA,NA,
Fortuna,Alleman,12/13/2018,16:34:00,17:57:00,17:13:00,unknown species,NA,0,NA,NA,NA,NA,
Fortuna,Alleman,12/13/2018,16:34:00,17:57:00,17:36:00,unknown species,NA,0,NA,NA,NA,NA,
Fortuna,Alleman,12/13/2018,16:34:00,17:57:00,17:51:00,unknown species,NA,0,NA,NA,NA,NA,
Fortuna,Alleman,12/13/2018,16:34:00,17:57:00,17:11:00,unknown species,NA,0,NA,NA,NA,NA,
Fortuna,Alleman,12/13/2018,16:34:00,17:57:00,17:25:00,unknown species,NA,0,NA,NA,NA,NA,
Fortuna,Alleman,12/13/2018,16:34:00,17:57:00,17:04:00,unknown species,NA,0,NA,NA,NA,NA,
Fortuna,Alleman,12/14/2018,10:46:00,11:58:00,11:34:00,unknown species,NA,0,NA,NA,NA,NA,
Fortuna,Alleman,12/14/2018,10:46:00,11:58:00,11:42:00,unknown species,NA,0,NA,NA,NA,NA,
Fortuna,Alleman,12/14/2018,10:46:00,11:58:00,01:10:00,unknown species,NA,0,NA,NA,NA,NA,
Fortuna,Alleman,12/14/2018,10:46:00,11:58:00,11:45:00,unknown species,NA,0,NA,NA,NA,NA,
Santa Fe,Altos de Piedra,11/13/2012,09:23:00,10:15:00,10:30:00,unknown species,NA,0,NA,NA,NA,NA,
Santa Fe,Altos de Piedra,7/6/2013,15:03:00,16:22:00,NA,unknown species,NA,0,NA,NA,NA,NA,
Santa Fe,Altos de Piedra,7/6/2013,15:03:00,16:22:00,NA,unknown species,NA,0,NA,NA,NA,NA,
Santa Fe,Altos de Piedra,7/6/2013,15:03:00,16:22:00,NA,unknown species,NA,0,NA,NA,NA,NA,
Santa Fe,Altos de Piedra,7/7/2013,11:31:00,13:02:00,12:15:00,unknown species,NA,0,NA,Unknown frog spotted,NA,NA,
Santa Fe,Altos de Piedra,7/7/2013,11:31:00,13:02:00,12:00:00,unknown species,NA,0,NA,Unknown frog spotted,NA,NA,
Santa Fe,Altos de Piedra,7/9/2013,10:01:00,11:19:00,11:53:00,unknown species,NA,0,NA,frog escape before ID,NA,NA,
Santa Fe,Altos de Piedra,7/10/2015,15:45:00,16:49:00,NA,unknown species,NA,0,NA,NA,NA,NA,
Santa Fe,Altos de Piedra,7/10/2015,15:45:00,16:49:00,NA,unknown species,NA,0,NA,NA,NA,NA,
Santa Fe,Altos de Piedra,7/10/2015,15:45:00,16:49:00,NA,unknown species,NA,0,NA,NA,NA,NA,
Santa Fe,Altos de Piedra,7/11/2015,12:51:00,15:41:00,NA,unknown species,150711_02,0,NA,sunny. Hot. No rain,NA,NA,
Santa Fe,Altos de Piedra,7/11/2015,12:51:00,15:41:00,NA,unknown species,150711_03,0,NA,NA,NA,NA,
Santa Fe,Altos de Piedra,7/11/2015,12:51:00,15:41:00,NA,unknown species,150711_04,0,NA,NA,NA,NA,
Santa Fe,Altos de Piedra,7/11/2015,12:51:00,15:41:00,NA,unknown species,150711_05,0,NA,NA,NA,NA,
Santa Fe,Altos de Piedra,7/11/2015,12:51:00,15:41:00,NA,unknown species,150711_06,0,NA,NA,NA,NA,
Santa Fe,Altos de Piedra,7/11/2015,12:51:00,15:41:00,NA,unknown species,150711_07,0,NA,NA,NA,NA,
Santa Fe,Altos de Piedra,7/11/2015,12:51:00,15:41:00,NA,unknown species,150711_08,0,NA,NA,NA,NA,
Santa Fe,Altos de Piedra,7/11/2015,12:51:00,15:41:00,NA,unknown species,150711_09,0,NA,NA,NA,NA,
Santa Fe,Altos de Piedra,7/11/2015,12:51:00,15:41:00,NA,unknown species,150711_10,0,NA,NA,NA,NA,
Santa Fe,Altos de Piedra,7/11/2015,12:51:00,15:41:00,NA,unknown species,150711_11,0,NA,NA,NA,NA,
Santa Fe,Altos de Piedra,7/11/2015,12:51:00,15:41:00,NA,unknown species,150711_12,0,NA,NA,NA,NA,
Santa Fe,Altos de Piedra,7/11/2015,12:51:00,15:41:00,NA,unknown species,150711_13,0,NA,NA,NA,NA,
Santa Fe,Altos de Piedra,7/11/2015,12:51:00,15:41:00,NA,unknown species,150711_14,0,NA,NA,NA,NA,
Santa Fe,Altos de Piedra,7/11/2015,12:51:00,15:41:00,NA,unknown species,150711_15,0,NA,NA,NA,NA,
Santa Fe,Altos de Piedra,7/11/2015,12:51:00,15:41:00,NA,unknown species,150711_16,0,NA,NA,NA,NA,
Santa Fe,Altos de Piedra,7/11/2015,12:51:00,15:41:00,NA,unknown species,150711_17,0,NA,NA,NA,NA,
Santa Fe,Altos de Piedra,7/11/2015,12:51:00,15:41:00,NA,unknown species,150711_18,0,NA,NA,NA,NA,
Santa Fe,Altos de Piedra,7/11/2015,12:51:00,15:41:00,NA,unknown species,150711_19,0,NA,NA,NA,NA,
Santa Fe,Altos de Piedra,7/11/2015,12:51:00,15:41:00,NA,unknown species,150711_20,0,NA,NA,NA,NA,
Santa Fe,Altos de Piedra,7/11/2015,12:51:00,15:41:00,NA,unknown species,150711_21,0,NA,NA,NA,NA,
Santa Fe,Altos de Piedra,7/11/2015,12:51:00,15:41:00,NA,unknown species,NA,0,NA,NA,NA,NA,
Santa Fe,Altos de Piedra,7/11/2015,12:51:00,15:41:00,NA,unknown species,NA,0,NA,NA,NA,NA,
Santa Fe,Altos de Piedra,7/11/2015,21:00:00,23:10:00,21:40:00,unknown species,NA,0,NA,escaped,NA,NA,
Santa Fe,Altos de Piedra,7/9/2016,10:50:00,13:50:00,12:22:00,unknown species,160709_A01,1,355-360,NA,NA,NA,
Santa Fe,Altos de Piedra,7/9/2016,10:50:00,13:50:00,12:25:00,unknown species,160709_A02,1,361-365,NA,NA,NA,
Santa Fe,Altos de Piedra,7/9/2016,10:50:00,13:50:00,14:30:00,unknown species,160709_A08,1,400-406,NA,NA,NA,
Santa Fe,Altos de Piedra,7/9/2016,10:50:00,14:15:00,12:35:00,unknown species,160709_G01,1,GMR,NA,NA,NA,
Santa Fe,Altos de Piedra,7/9/2016,20:25:00,01:00:00,19:59:00,unknown species,160709_G04,1,GMR,NA,NA,NA,
Santa Fe,Altos de Piedra,7/9/2016,20:25:00,01:00:00,23:22:00,unknown species,160709_G15,1,GMR,NA,NA,NA,
Santa Fe,Altos de Piedra,7/10/2016,10:48:00,13:10:00,12:52:00,unknown species,160710_A05,1,464-468,NA,NA,NA,
Santa Fe,Altos de Piedra,7/10/2016,10:48:00,13:10:00,12:52:00,unknown species,160710_A06,1,469-472,Tail injury,NA,NA,
Santa Fe,Altos de Piedra,7/11/2016,10:47:00,12:08:00,09:48:00,unknown species,160711_A01,1,489-493,NA,NA,NA,
Santa Fe,Altos de Piedra,7/11/2016,10:47:00,12:08:00,10:00:00,unknown species,160711_A03,1,501-503,NA,NA,NA,
Santa Fe,Altos de Piedra,7/11/2016,10:47:00,12:08:00,10:23:00,unknown species,160711_A04,1,504-506,NA,NA,NA,
Santa Fe,Altos de Piedra,7/11/2016,10:47:00,12:08:00,12:04:00,unknown species,160711_A09,1,523-526,only swabbed one.,NA,NA,
Santa Fe,Altos de Piedra,7/11/2016,09:50:00,12:45:00,10:13:00,unknown species,160711_G01,1,GMR,NA,NA,NA,
Santa Fe,Altos de Piedra,7/11/2016,09:50:00,12:45:00,10:15:00,unknown species,160711_G02,1,GMR,NA,NA,NA,
Santa Fe,Altos de Piedra,7/11/2016,09:50:00,12:45:00,10:16:00,unknown species,160711_G03,1,GMR,NA,NA,NA,
Santa Fe,Altos de Piedra,7/11/2016,09:50:00,12:45:00,11:10:00,unknown species,160711_G04,1,GMR,Fat,NA,NA,
Santa Fe,Altos de Piedra,7/11/2016,09:50:00,12:45:00,11:10:00,unknown species,160711_G05,1,877-881,Same as 160711.G01,NA,NA,
Santa Fe,Altos de Piedra,7/11/2016,09:50:00,12:45:00,12:10:00,unknown species,160711_G06,1,GMR,tail and hind limbs,NA,NA,
Santa Fe,Altos de Piedra,7/11/2016,09:50:00,12:45:00,12:10:00,unknown species,160711_G07,1,GMR,no legs,NA,NA,
Santa Fe,Altos de Piedra,7/11/2016,09:50:00,12:45:00,12:10:00,unknown species,160711_G08,0,NA,Same as 160711.G07,NA,NA,
Santa Fe,Altos de Piedra,7/11/2016,09:50:00,12:45:00,12:10:00,unknown species,160711_G09,0,NA,Same as 160711.G07,NA,NA,
Santa Fe,Altos de Piedra,7/11/2016,09:50:00,12:45:00,12:10:00,unknown species,160711_G10,0,NA,Same as 160711.G07,NA,NA,
Santa Fe,Altos de Piedra,7/11/2016,09:50:00,12:45:00,12:10:00,unknown species,160711_G11,0,NA,Same as 160711.G07,NA,NA,
Santa Fe,Altos de Piedra,7/11/2016,09:50:00,12:45:00,11:06:00,unknown species,NA,1,GMR,NA,NA,NA,
Santa Fe,Altos de Piedra,12/13/2018,13:23:00,15:39:00,15:08:00,unknown species,NA,0,NA,NA,NA,NA,
Santa Fe,Altos de Piedra,12/13/2018,13:23:00,15:39:00,15:19:00,unknown species,NA,0,NA,NA,NA,NA,
Santa Fe,Altos de Piedra,12/13/2018,13:23:00,15:39:00,14:41:00,unknown species,NA,0,NA,NA,NA,NA,
Santa Fe,Altos de Piedra,12/13/2018,13:23:00,15:39:00,15:19:00,unknown species,NA,0,NA,NA,NA,NA,
Santa Fe,Altos de Piedra,12/13/2018,13:23:00,15:39:00,13:25:00,unknown species,NA,0,NA,NA,NA,NA,
Santa Fe,Altos de Piedra,12/14/2018,10:10:00,13:32:00,13:16:00,unknown species,NA,0,NA,NA,NA,NA,
Santa Fe,Altos de Piedra,12/14/2018,10:10:00,13:32:00,13:14:00,unknown species,NA,0,NA,NA,NA,NA,
Santa Fe,Altos de Piedra,12/14/2018,10:10:00,13:32:00,13:15:00,unknown species,NA,0,NA,NA,NA,NA,
Santa Fe,Altos de Piedra,12/14/2018,10:10:00,13:32:00,12:59:00,unknown species,NA,0,NA,NA,NA,NA,
Santa Fe,Altos de Piedra,12/14/2018,10:10:00,13:32:00,13:10:00,unknown species,NA,0,NA,NA,NA,NA,
Santa Fe,Altos de Piedra,12/14/2018,10:10:00,13:32:00,11:05:00,unknown species,NA,0,NA,NA,NA,NA,
Santa Fe,Altos de Piedra,12/14/2018,10:10:00,13:32:00,10:59:00,unknown species,NA,0,NA,NA,NA,NA,
Santa Fe,Altos de Piedra,12/14/2018,10:10:00,13:32:00,12:08:00,unknown species,NA,0,NA,NA,NA,NA,
Santa Fe,Altos de Piedra,8/1/2019,11:17:00,14:30:00,NA,unknown species,NA,0,NA,NA,NA,NA,
Santa Fe,Altos de Piedra,8/1/2019,11:17:00,14:30:00,11:20:00,unknown species,NA,0,NA,NA,NA,NA,
Santa Fe,Altos de Piedra,8/1/2019,11:17:00,14:30:00,NA,unknown species,NA,0,NA,NA,NA,NA,
Santa Fe,Altos de Piedra,8/1/2019,11:17:00,14:30:00,NA,unknown species,NA,0,NA,NA,NA,NA,
Santa Fe,Altos de Piedra,8/1/2019,11:17:00,14:30:00,NA,unknown species,NA,0,NA,NA,NA,NA,
Santa Fe,Altos de Piedra,8/1/2019,11:17:00,14:30:00,NA,unknown species,NA,0,NA,NA,NA,NA,
Santa Fe,Altos de Piedra,8/1/2019,11:17:00,14:30:00,NA,unknown species,NA,0,NA,NA,NA,NA,
Santa Fe,Altos de Piedra,8/3/2019,20:04:00,22:20:00,23:08:00,unknown species,190803_04,0,NA,NA,NA,NA,
Santa Fe,Altos de Piedra,8/3/2019,11:49:00,13:33:00,NA,unknown species,NA,0,NA,NA,NA,NA,
Santa Fe,Altos de Piedra,8/3/2019,11:49:00,13:33:00,NA,unknown species,NA,0,NA,many gosner stages,NA,NA,
Santa Fe,Altos de Piedra,8/3/2019,11:49:00,13:33:00,NA,unknown species,NA,0,NA,NA,NA,NA,
Santa Fe,Altos de Piedra,8/3/2019,20:04:00,22:20:00,22:33:00,unknown species,NA,0,NA,NA,NA,NA,
Santa Fe,Altos de Piedra,12/7/2019,11:05:00,13:32:00,12:00:00,unknown species,NA,0,NA,NA,NA,NA,
Santa Fe,Altos de Piedra,12/7/2019,11:05:00,13:32:00,11:24:00,unknown species,NA,0,NA,NA,NA,NA,
Santa Fe,Altos de Piedra,12/7/2019,11:05:00,13:32:00,13:10:00,unknown species,NA,0,NA,"Small Black, and Large Grey",NA,NA,
Santa Fe,Altos de Piedra,12/7/2019,11:05:00,13:32:00,13:04:00,unknown species,NA,1,Photo JLV,"Small, Black",NA,NA,
Santa Fe,Altos de Piedra,12/7/2019,11:05:00,13:32:00,12:53:00,unknown species,NA,0,NA,NA,NA,NA,
Altos de Campana,Campana loop,6/13/2013,13:40:00,14:59:00,13:21:00,unknown species,130613_A01,0,NA,NA,NA,Doug woodhams notes_cannot resolve species_MJR Oct 25 2016_JLV to contact doug,
Altos de Campana,Campana loop,6/17/2013,20:45:00,21:20:00,21:15:00,see notes,130617_B02,1,JLV,NA,NA,Pristimantis ridens or Terrarana spp,
Altos de Campana,Campana loop,6/17/2013,20:45:00,21:20:00,22:13:00,see notes,130617_B03,1,JLV,NA,NA,Craugastor spp or Terrarana spp,
Altos de Campana,Campana loop,6/17/2013,20:45:00,21:20:00,22:31:00,see notes,130617_B04,1,JLV,NA,NA,Pristimantis ridens or Terrarana spp,
Altos de Campana,Campana loop,6/17/2013,20:45:00,21:20:00,23:04:00,see notes,130617_B05,1,JLV,NA,NA,Pristimantis ridens or Terrarana spp,
Altos de Campana,Campana loop,6/17/2013,20:45:00,21:20:00,23:14:00,see notes,130617_B06,1,JLV,NA,NA,Pristimantis ridens or Terrarana spp,
Altos de Campana,Campana loop,6/17/2013,20:45:00,21:20:00,23:28:00,see notes,130617_B07,1,JLV,NA,NA,Pristimantis ridens or Terrarana spp,
Altos de Campana,Campana loop,6/17/2013,20:45:00,21:20:00,21:35:00,unknown species,130617_M01,0,NA,NA,NA,no photos,
Altos de Campana,Campana loop,6/17/2013,14:20:00,14:50:00,NA,unknown species,NA,0,NA,NA,NA,NA,
Altos de Campana,Campana loop,6/17/2013,20:45:00,21:20:00,NA,unknown species,NA,0,NA,NA,NA,NA,
Altos de Campana,Campana loop,12/3/2015,11:30:00,13:30:00,11:50:00,see notes,151203_01,1,109-112,NA,NA,unknown species or Pristimantis spp,
Altos de Campana,Campana loop,12/3/2015,11:30:00,13:30:00,12:24:00,see notes,151203_02,1,113-117,NA,NA,unknown species or Pristimantis spp,
Altos de Campana,Campana loop,12/3/2015,11:30:00,13:30:00,12:46:00,see notes,151203_03,1,118-124,NA,NA,unknown species or Pristimantis spp,
Altos de Campana,Campana loop,12/3/2015,11:30:00,13:30:00,01:00:00,see notes,151203_04,1,125-128,NA,NA,unknown species or Pristimantis spp,
Altos de Campana,Campana loop,12/3/2015,11:30:00,13:30:00,01:25:00,see notes,151203_05,1,129-134,NA,NA,unknown species or Pristimantis spp,
Altos de Campana,Campana loop,6/1/2016,10:03:00,12:45:00,11:38:00,unknown species,160601_A01,1,235-239,NA,NA,photo 235-239 Allie Byrne or Kristin Charles,
Altos de Campana,Campana loop,6/2/2016,09:52:00,12:20:00,11:06:00,unknown species,160602_A01,1,0257-0260,NA,NA,NA,
Altos de Campana,Campana loop,6/2/2016,09:52:00,12:20:00,11:48:00,unknown species,160602_A03,1,261-267,NA,NA,NA,
Altos de Campana,Campana loop,6/2/2016,09:52:00,12:20:00,12:08:00,unknown species,160602_A04,1,268-286,NA,NA,Allie photo,
Santa Fe,Cerro Negro,7/6/2013,20:18:00,21:48:00,21:03:00,unknown species,130706_A04,0,NA,"Glass frog , swab included mouthparts",NA,NA,
Santa Fe,Cerro Negro,12/11/2014,10:10:00,14:15:00,12:26:00,unknown species,141211_01,1,Y-JV,NA,NA,NA,
Santa Fe,Cerro Negro,12/11/2014,10:10:00,14:15:00,12:26:00,unknown species,141211_02,1,Y-JV,NA,NA,NA,
Santa Fe,Cerro Negro,12/11/2014,10:10:00,14:15:00,12:26:00,unknown species,141211_03,1,Y-JV,NA,NA,NA,
Santa Fe,Cerro Negro,12/11/2014,10:10:00,14:15:00,12:26:00,unknown species,141211_04,1,Y-JV,NA,NA,NA,
Santa Fe,Cerro Negro,12/11/2014,10:10:00,14:15:00,12:26:00,unknown species,141211_05,1,Y-JV,NA,NA,NA,
Santa Fe,Cerro Negro,12/11/2014,10:10:00,14:15:00,12:26:00,unknown species,141211_06,1,Y-JV,NA,NA,NA,
Santa Fe,Cerro Negro,12/11/2014,10:10:00,14:15:00,12:26:00,unknown species,141211_07,0,NA,NA,NA,NA,
Santa Fe,Cerro Negro,12/11/2014,10:10:00,14:15:00,12:26:00,unknown species,141211_08,0,NA,NA,NA,NA,
Santa Fe,Cerro Negro,12/11/2014,10:10:00,14:15:00,12:26:00,unknown species,141211_09,0,NA,NA,NA,NA,
Santa Fe,Cerro Negro,12/11/2014,10:10:00,14:15:00,12:26:00,unknown species,141211_10,0,NA,NA,NA,NA,
Santa Fe,Cerro Negro,12/11/2014,10:10:00,14:15:00,12:26:00,unknown species,141211_11,0,NA,NA,NA,NA,
Santa Fe,Cerro Negro,12/11/2014,10:10:00,14:15:00,12:26:00,unknown species,141211_12,1,Y-JV,NA,NA,NA,
Santa Fe,Cerro Negro,12/11/2014,10:10:00,14:15:00,12:26:00,unknown species,141211_13,0,NA,NA,NA,NA,
Santa Fe,Cerro Negro,12/11/2014,10:10:00,14:15:00,12:26:00,unknown species,141211_14,1,Y-JV,NA,NA,NA,
Santa Fe,Cerro Negro,7/13/2015,14:26:00,16:18:00,14:45:00,unknown species,150713_A01,1,Iliana,NA,NA,NA,
Santa Fe,Cerro Negro,12/8/2015,14:10:00,16:00:00,NA,unknown species,NA,0,NA,NA,NA,NA,
Santa Fe,Cerro Negro,12/8/2015,14:10:00,16:00:00,NA,unknown species,NA,0,NA,NA,NA,NA,
Santa Fe,Cerro Negro,12/8/2015,14:10:00,16:00:00,NA,unknown species,NA,0,NA,NA,NA,NA,
Santa Fe,Cerro Negro,12/9/2015,09:16:00,11:48:00,10:57:00,unknown species,151209_J01,1,526-530,NA,NA,NA,
Santa Fe,Cerro Negro,12/9/2015,09:16:00,11:48:00,10:57:00,unknown species,151209_J02,1,526-530,NA,NA,NA,
Santa Fe,Cerro Negro,12/9/2015,09:16:00,11:48:00,10:57:00,unknown species,151209_J03,1,526-530,NA,NA,NA,
Santa Fe,Cerro Negro,12/9/2015,09:16:00,11:48:00,10:57:00,unknown species,151209_J04,1,526-530,NA,NA,NA,
Santa Fe,Cerro Negro,12/9/2015,09:16:00,11:48:00,10:57:00,unknown species,151209_J05,1,531-535,NA,NA,NA,
Santa Fe,Cerro Negro,12/9/2015,09:16:00,11:48:00,10:57:00,unknown species,151209_J06,1,531-535,NA,NA,NA,
Santa Fe,Cerro Negro,12/9/2015,09:16:00,11:48:00,10:57:00,unknown species,151209_J07,1,531-535,NA,NA,NA,
Santa Fe,Cerro Negro,12/9/2015,09:16:00,11:48:00,10:57:00,unknown species,151209_J08,1,531-535,NA,NA,NA,
Santa Fe,Cerro Negro,12/9/2015,09:16:00,11:48:00,NA,unknown species,NA,0,NA,NA,NA,NA,
Santa Fe,Cerro Negro,12/9/2015,09:16:00,11:48:00,NA,unknown species,NA,0,NA,Not enough tads present to get 20,NA,NA,
Santa Fe,Cerro Negro,12/9/2015,18:25:00,20:48:00,NA,unknown species,NA,0,NA,NA,NA,NA,
Santa Fe,Cerro Negro,12/10/2015,09:50:00,11:30:00,10:20:00,unknown species,151210_J02,1,576-583,All reading except elevation taken at 100 M,NA,NA,
Santa Fe,Cerro Negro,12/10/2015,09:50:00,11:30:00,10:48:00,unknown species,151210_J04,1,584-589,All reading except elevation taken at 100 M,NA,NA,
Santa Fe,Cerro Negro,7/13/2016,10:13:00,14:46:00,11:00:00,unknown species,160713_A03,1,583-590,Very long 2nd toe,NA,NA,
Santa Fe,Cerro Negro,7/13/2016,10:13:00,14:46:00,11:02:00,unknown species,160713_A04,1,591-597,NA,NA,NA,
Santa Fe,Cerro Negro,7/13/2016,20:00:00,NA,20:00:00,unknown species,160713_A17,1,642-649,dummy,dummy,dummy,
Santa Fe,Cerro Negro,7/13/2016,20:00:00,NA,20:20:00,see notes,160713_A18,0,NA,NA,NA,Lithobates warszewitschii or unknown species,
Santa Fe,Cerro Negro,7/13/2016,20:00:00,NA,20:20:00,see notes,160713_A19,0,NA,NA,NA,Lithobates warszewitschii or unknown species,
Santa Fe,Cerro Negro,7/13/2016,20:00:00,NA,20:20:00,see notes,160713_A20,0,NA,NA,NA,Lithobates warszewitschii or unknown species,
Santa Fe,Cerro Negro,7/14/2016,09:02:00,11:45:00,08:49:00,unknown species,160714_A02,1,708-721,NA,NA,NA,
Santa Fe,Cerro Negro,7/14/2016,09:02:00,11:45:00,09:56:00,see notes,160714_A03,0,NA,NA,NA,Lithobates warszewitschii or unknown species,
Santa Fe,Cerro Negro,7/14/2016,09:02:00,11:45:00,10:09:00,unknown species,160714_A05,1,722-728,NA,NA,NA,
Santa Fe,Cerro Negro,7/14/2016,09:02:00,11:45:00,10:12:00,see notes,160714_A06,1,729-732,NA,NA,Pristimantis cruentus or Craugastor crassidigitus,
Chiriqui,Cerro Punta,2/24/2016,20:03:00,23:42:00,21:00:00,see notes,160224_02,1,GMR,NA,NA,Pristimantis museosus or Craugastor melanostictus,
Chiriqui,Cerro Punta,2/24/2016,20:03:00,23:42:00,21:10:00,see notes,160224_03,1,GMR,NA,NA,Pristimantis museosus or Craugastor melanostictus,
Chiriqui,Cerro Punta,2/24/2016,20:03:00,23:42:00,21:10:00,see notes,160224_04,1,GMR,NA,NA,Pristimantis museosus or Craugastor melanostictus,
El Cope,Elidio House,12/11/2019,NA,NA,NA,unknown species,191211_56,0,NA,NA,NA,NA,
El Cope,Elidio House,12/11/2019,NA,NA,NA,unknown species,191211_57,0,NA,NA,NA,NA,
El Valle,Farallon,6/29/2013,10:22:00,14:22:00,10:30:00,see notes,130629_R01,1,MU,NA,NA,unknown species or Rhaebo haematiticus,
El Valle,Farallon,6/30/2013,13:17:00,14:51:00,13:29:00,unknown species,130630_R01,1,MU,NA,NA,ask Maggie for photo,
El Valle,Farallon,5/12/2014,12:45:00,13:30:00,12:50:00,see notes,140512_02,1,DG,changing into one transect; Ended A150 (total 50 M) did not go up waterfall,NA,unknown species or Rhaebo haematiticus,
El Valle,Farallon,5/12/2014,10:14:00,11:45:00,10:43:00,unknown species,NA,0,NA,NA,NA,NA,
El Valle,Farallon,12/14/2015,10:10:00,12:55:00,11:30:00,unknown species,NA,1,GMR,NA,NA,NA,
Fortuna,Fortuna loop,7/16/2016,10:08:00,13:57:00,10:43:00,unknown species,160716_A01,1,738-744,NA,NA,NA,
Fortuna,Fortuna loop,7/17/2016,20:11:00,22:00:00,21:03:00,unknown species,160717_A03,0,NA,"Escaped before photographed, too small to swab",NA,NA,
Fortuna,Fortuna loop,7/17/2016,20:11:00,22:00:00,21:25:00,unknown species,160717_A04,1,814-822,NA,NA,NA,
Fortuna,Fortuna loop,7/17/2016,20:11:00,22:00:00,21:56:00,unknown species,160717_A05,1,827-831,Same sp. as 160717.A04,NA,NA,
Fortuna,Fortuna loop,7/17/2016,20:11:00,22:00:00,20:28:00,unknown species,160717_G01,1,GMR,NA,NA,NA,
Fortuna,Fortuna loop,7/17/2016,20:11:00,22:00:00,20:50:00,unknown species,160717_G02,1,GMR,NA,NA,NA,
Fortuna,Fortuna loop,7/17/2016,20:11:00,22:00:00,21:35:00,unknown species,160717_G03,1,GMR,NA,NA,NA,
Fortuna,Fortuna loop,7/17/2016,10:05:00,13:00:00,12:17:00,unknown species,NA,1,952-964,NA,NA,NA,
Fortuna,Fortuna loop,7/17/2016,10:05:00,13:00:00,11:20:00,unknown species,NA,1,952-964,NA,NA,NA,
Fortuna,Fortuna loop,7/17/2016,10:05:00,13:00:00,11:00:00,unknown species,NA,1,952-964,NA,NA,NA,
Fortuna,Fortuna loop,7/18/2016,09:23:00,NA,10:21:00,unknown species,160718_A03,1,854-859,Too small to swab,NA,NA,
El Cope,Guabal,12/16/2015,13:20:00,16:40:00,01:20:00,unknown species,151216_A05,1,GMR,NA,NA,Goncalo photo,
El Cope,Guabal,12/16/2015,13:20:00,16:40:00,01:35:00,unknown species,151216_A06,1,GMR,NA,NA,Goncalo photo,
El Cope,Guabal,12/16/2015,13:20:00,16:40:00,03:50:00,unknown species,151216_A13,1,GMR,NA,NA,NA,
El Cope,Guabal,12/16/2015,13:20:00,16:40:00,03:53:00,unknown species,151216_A14,1,GMR,NA,NA,NA,
El Cope,Guabal,12/16/2015,13:20:00,16:40:00,03:55:00,unknown species,151216_A15,1,GMR,NA,NA,NA,
El Cope,Guabal,12/16/2015,13:20:00,16:40:00,04:35:00,unknown species,151216_A17,1,Allie,NA,NA,NA,
El Cope,Guabal,12/16/2015,13:20:00,16:40:00,04:36:00,unknown species,151216_A18,1,Allie,NA,NA,NA,
El Cope,Guabal,6/24/2016,20:30:00,00:35:00,19:47:00,see notes,160624_G15,1,GMR,NA,NA,Teratohyla spinosa or Engystomops pustulosus,
El Cope,Guabal,6/24/2016,20:30:00,00:35:00,20:50:00,see notes,160624_G19,1,GMR,"Gravid, eggs can be seen",NA,unknown species or Hyalinobatrachium colymbiphyllum,
El Valle,Hotel Campestre,6/16/2016,16:00:00,23:00:00,22:58:00,see notes,160616_A16,1,GMR,NA,NA,Leptodactylus fragilis or Lithobates warszewitschii,
El Valle,Jordinal,10/27/2012,11:40:00,13:00:00,11:30:00,unknown species,NA,1,unknown,NA,NA,NA,
El Valle,Jordinal,10/27/2012,11:40:00,13:00:00,11:40:00,unknown species,NA,0,NA,NA,NA,NA,
El Valle,Jordinal,10/27/2012,11:40:00,13:00:00,12:13:00,unknown species,NA,0,NA,NA,NA,NA,
El Valle,Jordinal,10/27/2012,11:40:00,13:00:00,11:55:00,unknown species,NA,0,NA,NA,NA,NA,
El Valle,Jordinal,7/13/2013,13:45:00,15:15:00,NA,unknown species,NA,0,NA,tadpole count not noted,NA,NA,
El Valle,Jordinal,7/13/2013,13:45:00,15:15:00,NA,unknown species,NA,0,NA,tadpole count not noted,NA,NA,
El Valle,Jordinal,5/21/2014,11:00:00,13:45:00,11:35:00,see notes,140521_02,1,rpi-53-56,NA,NA,Pristimantis cruentus or Craugastor crassidigitus,
El Valle,Jordinal,5/21/2014,11:00:00,13:45:00,13:05:00,see notes,140521_05,1,rpi-127-141,NA,NA,Pristimantis cruentus or Craugastor crassidigitus,
El Valle,Jordinal,5/21/2014,11:00:00,13:45:00,NA,unknown species,NA,0,NA,NA,NA,NA,
El Valle,Jordinal,5/23/2014,09:40:00,11:57:00,NA,unknown species,NA,0,NA,NA,NA,NA,
El Valle,Jordinal,5/23/2014,09:40:00,11:57:00,NA,unknown species,NA,0,NA,NA,NA,NA,
El Valle,Jordinal,6/15/2015,09:27:00,12:16:00,12:35:00,see notes,150615_A06,1,MP,NA,NA,unknown species or Pristimantis cruentus,
El Valle,Jordinal,12/9/2015,14:45:00,15:45:00,NA,unknown species,151209_A07,1,Allie phone,NA,NA,Allie photo,
El Valle,Jordinal,12/9/2015,14:45:00,15:45:00,NA,unknown species,151209_A08,1,Allie phone,NA,NA,Allie photo,
El Valle,Jordinal,12/9/2015,14:45:00,15:45:00,NA,unknown species,151209_A09,1,Allie phone,NA,NA,Allie photo,
El Valle,Jordinal,12/13/2015,15:15:00,17:11:00,15:59:00,unknown species,151213_D02,1,DB,NA,NA,small brown leaf litter frog,
El Valle,Jordinal,12/13/2015,15:15:00,17:11:00,18:15:00,see notes,151213_D03,0,NA,NA,NA,unknown species or Sachatamia albomaculata,
El Valle,Jordinal,12/13/2015,15:15:00,17:20:00,NA,unknown species,151213_G02,1,GMR,NA,NA,NA,
El Valle,Jordinal,12/13/2015,15:15:00,17:20:00,NA,unknown species,151213_G03,1,GMR,NA,NA,NA,
El Valle,Jordinal,12/13/2015,15:15:00,17:20:00,NA,unknown species,151213_G04,1,GMR,NA,NA,NA,
El Valle,Jordinal,12/13/2015,15:15:00,17:20:00,NA,unknown species,151213_G05,1,GMR,NA,NA,NA,
El Valle,Jordinal,12/13/2015,15:15:00,17:20:00,NA,unknown species,151213_G06,0,NA,NA,NA,NA,
El Valle,Jordinal,12/13/2015,15:15:00,17:20:00,NA,unknown species,151213_G07,1,GMR,NA,NA,NA,
El Valle,Jordinal,6/6/2016,10:50:00,13:20:00,13:00:00,unknown species,160606_G03,0,NA,Tadpole 2 hind limbs,NA,NA,
El Valle,Jordinal,6/6/2016,10:50:00,13:20:00,13:00:00,unknown species,160606_G04,0,NA,Tadpole A no limbs,NA,NA,
El Valle,Jordinal,6/6/2016,10:50:00,13:20:00,13:00:00,unknown species,160606_G05,0,NA,Tadpole A no limbs,NA,NA,
El Valle,Jordinal,6/6/2016,10:50:00,13:20:00,13:00:00,unknown species,160606_G06,0,NA,Tadpole A 2 hind limbs,NA,NA,
El Valle,Jordinal,6/6/2016,10:50:00,13:20:00,13:00:00,unknown species,160606_G07,0,NA,Tadpole A 2 hind limbs,NA,NA,
El Valle,Jordinal,6/6/2016,10:50:00,13:20:00,13:00:00,unknown species,160606_G08,0,NA,Tadpole A no limbs,NA,NA,
El Valle,Jordinal,6/6/2016,10:50:00,13:20:00,13:00:00,unknown species,160606_G09,0,NA,Tadpole A no limbs,NA,NA,
El Valle,Jordinal,6/6/2016,10:50:00,13:20:00,13:00:00,unknown species,160606_G10,0,NA,Tadpole B no limbs,NA,NA,
El Valle,Jordinal,6/7/2016,12:50:00,14:55:00,13:15:00,unknown species,160607_G06,0,NA,NA,NA,"juvenile, Goncalo photo",
El Valle,Jordinal,6/7/2016,12:50:00,14:55:00,13:20:00,unknown species,160607_G07,1,GMR,NA,NA,"juvenile, Goncalo photo",
El Valle,Jordinal,6/7/2016,12:50:00,14:55:00,13:50:00,see notes,160607_G08,1,GMR,NA,NA,Lithobates warszewitschii or unknown species,
El Valle,Jordinal,6/10/2016,19:00:00,23:18:00,19:55:00,unknown species,160610_A04,1,518-525,NA,NA,Allie or Kristin photos 518-525,
El Valle,Jordinal,6/10/2016,19:00:00,23:18:00,20:04:00,unknown species,160610_A07,1,526-535,NA,NA,Allie or Kristin photos 526-535,
El Valle,Jordinal,6/10/2016,19:00:00,23:18:00,20:19:00,unknown species,160610_A09,1,536-540,NA,NA,Allie or Kristin photos 536-540,
El Valle,Jordinal,6/10/2016,19:00:00,23:18:00,20:28:00,see notes,160610_A10,1,541-557,NA,NA,Pristimantis caryophyllaceus or unknown species,
El Valle,Juan Lana,5/14/2014,11:45:00,14:45:00,14:45:00,unknown species,NA,1,Della,NA,NA,NA,
El Valle,Juan Lana,2/2/2016,08:47:00,10:47:00,10:14:00,see notes,160202_03,1,GMR,NA,NA,unknown species or Pristimantis ridens,
El Valle,Mata Ahogado,7/3/2013,12:00:00,15:24:00,NA,see notes,130703_M51,1,MU,NA,NA,unknown species or Rhaebo haematiticus,
El Valle,Mata Ahogado,7/3/2013,12:00:00,15:24:00,NA,see notes,130703_M57,1,MU,NA,NA,unknown species or Rhaebo haematiticus,
El Valle,Mata Ahogado,7/3/2013,12:00:00,15:24:00,NA,see notes,130703_M61,1,MU,NA,NA,unknown species or Rhaebo haematiticus,
El Valle,Mata Ahogado,5/17/2014,13:15:00,NA,14:15:00,see notes,140517_R01,1,RP(1727-47),NOTE: WE CROSSED TO B AT THE END,NA,unknown species or Sachatamia albomaculata,
El Valle,Mata Ahogado,6/12/2015,14:15:00,17:17:00,15:03:00,see notes,150612_A09,1,Y,NA,NA,Craugastor spp or Pristimantis cruentus,
El Cope,Medina,11/22/2016,11:15:00,16:50:00,16:30:00,unknown species,NA,1,249-251,NA,NA,NA,
Caribbean,Miguel de la Borda,1/20/2016,09:25:00,12:15:00,10:40:00,see notes,160120_03,1,GMR,NA,NA,unknown species or Colostethus panamensis,
Caribbean,Miguel de la Borda,1/21/2016,08:35:00,11:05:00,09:50:00,see notes,160121_05,1,GMR,NA,NA,Colostethus pratti or Allobates talamancae,
Caribbean,Miguel de la Borda,7/27/2016,20:19:00,23:31:00,19:36:00,unknown species,160727_A18,1,GMR,Salamander,NA,NA,
Caribbean,Miguel de la Borda,7/27/2016,20:19:00,23:31:00,21:24:00,unknown species,160727_A24,1,194-204,NA,NA,NA,
El Cope,Pena Blanca,6/13/2014,11:55:00,14:10:00,14:05:00,see notes,140613_A02,1,CZ,transect is on land,NA,Craugastor spp or Pristimantis caryophyllaceus,
El Cope,Pena Blanca,2/6/2016,07:40:00,14:15:00,09:36:00,see notes,160206_01,1,GMR,NA,NA,unknown species or Pristimantis cerasinus,
El Cope,Pena Blanca,2/6/2016,07:40:00,14:15:00,09:58:00,see notes,160206_02,1,GMR,NA,NA,unknown species or Pristimantis caryophyllaceus,
Altos de Campana,Rabbit Stream,6/16/2013,19:30:00,20:36:00,20:06:00,unknown species,NA,0,NA,NA,NA,NA,
Altos de Campana,Rabbit Stream,6/20/2013,21:30:00,22:51:00,23:40:00,unknown species,130620_A06,0,NA,NA,NA,"Mateo and Maggie notes, no photo taken, Oct. 24 2016",
Altos de Campana,Rabbit Stream,12/4/2015,11:30:00,13:42:00,13:05:00,unknown species,NA,0,NA,NA,NA,NA,
Altos de Campana,Rabbit Stream,6/1/2016,13:45:00,17:26:00,15:09:00,unknown species,160601_A07,1,GMR,"Found dead, culture by GMR",NA,NA,
Altos de Campana,Rabbit Stream,6/2/2016,13:27:00,19:00:00,17:35:00,unknown species,160602_A21,1,305-311,NA,NA,NA,
Altos de Campana,Rabbit Stream,12/13/2017,14:36:00,16:30:00,15:25:00,see notes,171213_02,1,NA,"glass frog, sick score 1-2",NA,unknown species or Sachatamia albomaculata,
Altos de Campana,Rabbit Stream,12/3/2018,14:34:00,16:24:00,15:15:00,unknown species,NA,0,NA,NA,NA,NA,
Altos de Campana,Rabbit Stream,12/3/2018,14:34:00,16:24:00,16:09:00,unknown species,NA,0,NA,likely COLPAN tads. 4 adults and a few metamorph COLPANs in pool with tads,NA,NA,
Altos de Campana,Rabbit Stream,12/3/2018,14:34:00,16:24:00,16:07:00,unknown species,NA,0,NA,NA,NA,NA,
El Cope,Rio Blanco,11/25/2012,21:07:00,23:45:00,23:00:00,unknown species,NA,1,AK,n = 33,NA,NA,
El Cope,Rio Blanco,12/17/2014,11:20:00,14:15:00,15:25:00,unknown species,141217_R05,1,RP,*collected HOBOS and agar models,NA,"notes with rachel, need to check on species",
El Cope,Rio Blanco,6/25/2016,20:20:00,23:10:00,21:13:00,unknown species,160625_A19,1,"GMR, 956",NA,NA,NA,
El Cope,Rio Blanco,6/25/2016,20:20:00,23:10:00,22:41:00,unknown species,160625_A25,1,973-978,NA,NA,NA,
El Cope,Rio Blanco,12/1/2016,20:15:00,23:30:00,22:23:00,see notes,161201_15,1,GMR,NA,NA,Pristimantis cruentus or Engystomops pustulosus,
El Cope,Rio Blanco,8/7/2019,10:51:00,11:42:00,NA,unknown species,NA,0,NA,NA,NA,NA,
El Cope,Rio Blanco,8/7/2019,10:51:00,11:42:00,NA,unknown species,NA,0,NA,NA,NA,NA,
El Cope,Rio Blanco,8/7/2019,10:51:00,11:42:00,NA,unknown species,NA,0,NA,NA,NA,NA,
El Cope,Rio Blanco,8/7/2019,10:51:00,11:42:00,NA,unknown species,NA,0,NA,NA,NA,NA,
El Cope,Rio Blanco,8/7/2019,10:51:00,11:42:00,NA,unknown species,NA,0,NA,NA,NA,NA,
El Valle,Rio Maria,10/21/2012,15:40:00,17:30:00,NA,unknown species,NA,0,NA,NA,NA,NA,
El Valle,Rio Maria,10/21/2012,11:40:00,13:30:00,12:34:00,unknown species,NA,0,NA,39 eggs in mass,NA,NA,
El Valle,Rio Maria,10/22/2012,11:50:00,13:30:00,NA,unknown species,NA,0,NA,E. proseblepon or  Sachatamia ilex,NA,NA,
El Valle,Rio Maria,10/22/2012,11:50:00,13:30:00,10:50:00,unknown species,NA,0,NA,NA,NA,NA,
El Valle,Rio Maria,10/31/2012,10:23:00,12:00:00,NA,unknown species,NA,0,NA,"glass frog, n = 51 eggs",NA,NA,
El Valle,Rio Maria,7/14/2013,10:24:00,10:55:00,10:26:00,unknown species,NA,0,NA,Temp gun and Ph meter issues,NA,NA,
El Valle,Rio Maria,7/14/2013,10:24:00,10:55:00,10:35:00,unknown species,NA,0,NA,NA,NA,NA,
El Valle,Rio Maria,7/16/2013,09:42:00,10:12:00,NA,unknown species,NA,0,NA,NA,NA,NA,
El Valle,Rio Maria,5/29/2014,10:30:00,12:00:00,NA,unknown species,NA,1,RP,egg mass donut middle of stream,NA,NA,
El Valle,Rio Maria,6/17/2015,20:08:00,22:19:00,21:13:00,unknown species,150617_22,1,Y,upper transect,NA,"Photo by AB,JM, or MP to check species. \glass frog\\\",
El Valle,Rio Maria,12/5/2015,10:11:00,12:30:00,10:54:00,unknown species,NA,1,161-162,NA,NA,NA,
El Valle,Rio Maria,12/5/2015,10:11:00,12:30:00,11:09:00,unknown species,NA,1,163-165,NA,NA,NA,
El Valle,Rio Maria,12/5/2015,10:11:00,12:30:00,10:35:00,unknown species,NA,0,NA,NA,NA,NA,
El Valle,Rio Maria,12/5/2015,13:21:00,14:14:00,13:57:00,unknown species,NA,1,183-184,NA,NA,NA,
El Valle,Rio Maria,12/7/2015,18:00:00,21:00:00,23:11:00,see notes,151207_A36,1,Allie,NA,NA,Pristimantis cruentus or unknown species,
El Valle,Rio Maria,12/9/2015,09:50:00,10:59:00,NA,see notes,151209_A02,1,Allie,NA,NA,unknown species or Pristimantis cerasinus,
El Valle,Rio Maria,12/9/2015,09:50:00,10:59:00,NA,see notes,151209_A03,0,NA,NA,NA,unknown species or Pristimantis cerasinus,
El Valle,Rio Maria,12/13/2015,11:25:00,13:30:00,NA,unknown species,NA,1,GMR,NA,NA,NA,
El Valle,Rio Maria,12/13/2015,11:25:00,13:30:00,NA,unknown species,NA,1,GMR,NA,NA,NA,
El Valle,Rio Maria,6/6/2016,10:47:00,12:25:00,11:29:00,unknown species,160606_A03,1,121-124,NA,NA,NA,
El Valle,Rio Maria,6/9/2016,10:07:00,12:20:00,10:41:00,unknown species,160609_A01,1,230-235,NA,NA,NA,
El Valle,Rio Maria,6/9/2016,10:07:00,12:20:00,11:15:00,unknown species,160609_A02,0,NA,NA,NA,NA,
El Valle,Rio Maria,6/9/2016,10:07:00,12:20:00,11:33:00,unknown species,160609_A03,0,NA,NA,NA,NA,
El Valle,Rio Maria,6/9/2016,10:07:00,12:20:00,11:33:00,unknown species,160609_A04,0,NA,NA,NA,NA,
El Valle,Rio Maria,6/9/2016,10:07:00,12:20:00,11:33:00,unknown species,160609_A05,0,NA,NA,NA,NA,
El Valle,Rio Maria,6/9/2016,10:07:00,12:20:00,11:40:00,unknown species,160609_A06,0,NA,NA,NA,NA,
El Valle,Rio Maria,6/9/2016,10:07:00,12:20:00,12:30:00,unknown species,160609_A09,0,NA,NA,NA,NA,
El Valle,Rio Maria,6/9/2016,13:29:00,14:30:00,13:46:00,unknown species,160609_A12,0,NA,NA,NA,NA,
El Valle,Rio Maria,6/9/2016,13:29:00,14:30:00,13:46:00,unknown species,160609_A13,0,NA,NA,NA,NA,
El Valle,Rio Maria,6/9/2016,13:29:00,14:30:00,13:46:00,unknown species,160609_A14,0,NA,NA,NA,NA,
El Valle,Rio Maria,6/11/2016,19:09:00,21:47:00,22:11:00,see notes,160611_A15,1,383-389,NA,NA,unknown species or Cochranella euknemos,
El Valle,Rio Maria,6/11/2016,19:09:00,21:47:00,22:11:00,see notes,160611_A16,1,390-396,NA,NA,unknown species or Cochranella euknemos,
El Valle,Rio Maria,6/11/2016,19:00:00,22:58:00,20:28:00,unknown species,160611_G09,1,GMR,NA,NA,NA,
El Valle,Rio Maria,6/11/2016,19:00:00,22:58:00,21:15:00,unknown species,160611_G10,1,AL,NA,NA,"Andrew photo, photo 2111-2120",
El Cope,Rio Marta,6/6/2013,17:50:00,18:34:00,18:12:00,unknown species,NA,0,NA,NA,NA,NA,
El Cope,Rio Marta,6/7/2013,08:30:00,09:20:00,09:52:00,unknown species,130607_Z02,0,NA,further identification needed,NA,Maggie and mateo notes_cannot resolve species_MJR Oct 25 2016,
El Cope,Rio Marta,6/7/2013,10:00:00,11:12:00,10:14:00,unknown species,130607_Z03,0,NA,too small to weigh accurately,NA,Maggie and mateo notes_cannot resolve species_MJR Oct 25 2016,
El Cope,Rio Marta,6/7/2013,10:00:00,11:12:00,10:23:00,unknown species,130607_Z04,0,NA,too small to weigh accurately,NA,Maggie and mateo notes_cannot resolve species_MJR Oct 25 2016,
El Cope,Rio Marta,6/7/2013,10:00:00,11:12:00,10:26:00,unknown species,130607_Z05,0,NA,too small to weigh accurately,NA,Maggie and mateo notes_cannot resolve species_MJR Oct 25 2016,
El Cope,Rio Marta,6/7/2013,08:30:00,09:20:00,09:49:00,unknown species,NA,0,NA,escaped,NA,NA,
El Cope,Rio Marta,6/8/2013,10:51:00,11:36:00,11:27:00,unknown species,130608_Z02,0,NA,too small to weigh accurately,NA,Maggie and mateo notes_cannot resolve species_MJR Oct 25 2016 (\juvenile spp\\\,
El Cope,Rio Marta,1/15/2016,19:08:00,23:10:00,20:00:00,see notes,160115_17,1,GMR,NA,NA,unknown species or Teratohyla spinosa,
El Cope,Rio Marta,1/16/2016,08:37:00,10:58:00,09:20:00,unknown species,160116_05,1,GMR,NA,NA,NA,
El Cope,Rio Marta,1/16/2016,08:37:00,10:58:00,09:55:00,unknown species,160116_07,1,GMR,NA,NA,NA,
El Cope,Rio Marta,1/16/2016,08:37:00,10:58:00,09:55:00,unknown species,160116_08,1,GMR,NA,NA,NA,
El Cope,Rio Marta,1/16/2016,08:37:00,10:58:00,09:55:00,unknown species,160116_09,1,GMR,NA,NA,NA,
El Cope,Rio Marta,1/16/2016,08:37:00,10:58:00,09:55:00,unknown species,160116_10,1,GMR,NA,NA,NA,
El Cope,Rio Marta,1/16/2016,08:37:00,10:58:00,10:40:00,unknown species,160116_14,1,GMR,NA,NA,NA,
El Cope,Rio Marta,1/16/2016,08:37:00,10:58:00,10:40:00,unknown species,160116_15,1,GMR,NA,NA,NA,
El Cope,Rio Marta,1/16/2016,08:37:00,10:58:00,10:40:00,unknown species,160116_16,1,GMR,NA,NA,NA,
El Cope,Rio Marta,1/16/2016,08:37:00,10:58:00,10:40:00,unknown species,160116_17,1,GMR,NA,NA,NA,
El Cope,Rio Marta,7/5/2016,15:05:00,18:50:00,15:25:00,see notes,160705_A16,0,NA,NA,pH meter won't change modes between pH and TDS --> (broken?),Rhinella marina or Rhaebo haematiticus,
El Cope,Rio Marta,7/5/2016,15:05:00,18:50:00,16:44:00,see notes,160705_A22,1,332-334,NA,pH meter won't change modes between pH and TDS --> (broken?),Rhinella marina or Rhaebo haematiticus,
El Cope,Rio Marta,7/5/2016,15:05:00,18:50:00,18:02:00,see notes,160705_A27,1,335-340,Growth on chin,pH meter won't change modes between pH and TDS --> (broken?),Rhinella marina or Rhaebo haematiticus,
El Cope,Rio Marta,11/26/2018,13:10:00,16:28:00,14:00:00,unknown species,NA,0,NA,NA,NA,NA,
El Cope,Rio Marta,11/26/2018,13:10:00,16:28:00,15:56:00,unknown species,NA,1,NA,"too small to swab/handle.  SVL <10mm, mass <1g",NA,NA,
El Cope,Rio Marta,11/26/2018,13:10:00,16:28:00,14:25:00,unknown species,NA,0,NA,NA,NA,NA,
El Cope,Rio Marta,11/26/2018,13:10:00,16:28:00,14:50:00,unknown species,NA,0,NA,NA,NA,NA,
El Cope,Rio Marta,11/26/2018,13:10:00,16:28:00,15:20:00,unknown species,NA,0,NA,NA,NA,NA,
El Cope,Rio Marta,11/26/2018,13:10:00,16:28:00,14:20:00,unknown species,NA,0,NA,NA,NA,NA,
El Cope,Rio Marta,11/26/2018,16:30:00,17:55:00,17:05:00,unknown species,NA,0,NA,NA,NA,NA,
El Cope,Rio Marta,11/27/2018,14:08:00,15:40:00,15:00:00,unknown species,NA,0,NA,NA,NA,NA,
El Cope,Rio Marta,11/27/2018,09:43:00,12:40:00,13:45:00,unknown species,NA,0,NA,NA,NA,NA,
El Cope,Rio Marta,11/27/2018,09:43:00,12:40:00,13:55:00,unknown species,NA,0,NA,NA,NA,NA,
El Cope,Rio Marta,11/27/2018,09:43:00,12:40:00,12:50:00,unknown species,NA,0,NA,NA,NA,NA,
El Cope,Rio Marta,11/27/2018,09:43:00,12:40:00,10:03:00,unknown species,NA,0,NA,300 eggs,NA,NA,
El Cope,Rio Marta,11/27/2018,09:43:00,12:40:00,09:57:00,unknown species,NA,0,NA,NA,NA,NA,
El Cope,Rio Marta,11/27/2018,09:43:00,12:40:00,13:20:00,unknown species,NA,0,NA,NA,NA,NA,
El Cope,Rio Marta,11/27/2018,09:43:00,12:40:00,11:20:00,unknown species,NA,0,NA,NA,NA,NA,
El Cope,Rio Marta,11/27/2018,09:43:00,12:40:00,13:35:00,unknown species,NA,0,NA,NA,NA,NA,
El Cope,Rio Marta,11/27/2018,09:43:00,12:40:00,13:05:00,unknown species,NA,0,NA,NA,NA,NA,
El Cope,Rio Marta,11/28/2018,09:00:00,10:25:00,09:30:00,unknown species,NA,0,NA,NA,NA,NA,
El Cope,Rio Marta,11/28/2018,09:00:00,10:25:00,10:10:00,unknown species,NA,0,NA,NA,NA,NA,
El Cope,Rio Marta,11/28/2018,09:00:00,10:25:00,09:22:00,unknown species,NA,0,NA,NA,NA,NA,
El Cope,Rio Marta,11/28/2018,09:00:00,10:25:00,09:37:00,unknown species,NA,0,NA,NA,NA,NA,
El Cope,Rio Marta,11/28/2018,09:00:00,10:25:00,10:05:00,unknown species,NA,0,NA,NA,NA,NA,
El Cope,Rio Tigrero,6/3/2013,13:50:00,16:30:00,16:02:00,unknown species,130603_C04,0,NA,NA,NA,NA,
El Cope,Rio Tigrero,6/3/2013,13:50:00,16:30:00,16:02:00,unknown species,130603_C05,0,NA,NA,NA,NA,
El Cope,Rio Tigrero,7/18/2014,10:00:00,17:00:00,11:03:00,unknown species,140718_R02,1,RP,"Survey B and tadpole C. CC saw 2 A. atelopus juvis the previous day. has not rained ~20 days, stream very low compared to previous times and it started to rain 12PM. Larger temp. gun used. water meter not working.",NA,check species. Photo by Rachel. Toad,
El Cope,Rio Tigrero,7/1/2016,13:00:00,15:58:00,15:38:00,unknown species,160701_A08,1,94-98,NA,NA,NA,
El Cope,Rio Tigrero,7/1/2016,13:00:00,15:58:00,15:38:00,unknown species,160701_A09,1,98-103,NA,NA,NA,
El Cope,Rio Tigrero,7/1/2016,13:00:00,15:58:00,15:38:00,unknown species,160701_A10,1,104-110,NA,NA,NA,
El Cope,Rio Tigrero,11/19/2018,10:53:00,14:00:00,NA,unknown species,NA,0,NA,NA,NA,NA,
El Cope,Rio Tigrero,11/19/2018,10:53:00,14:00:00,NA,unknown species,NA,0,NA,NA,NA,NA,
El Cope,Rio Tigrero,11/19/2018,10:53:00,14:00:00,NA,unknown species,NA,0,NA,NA,NA,NA,
El Cope,Rio Tigrero,11/19/2018,10:53:00,14:00:00,NA,unknown species,NA,0,NA,NA,NA,NA,
Caribbean,Sargentita,7/22/2015,20:26:00,22:20:00,21:20:00,unknown species,150722_08,1,271-281,NA,NA,NA,
Caribbean,Sargentita,7/22/2015,20:26:00,22:20:00,22:59:00,unknown species,150722_10,1,282-286,NA,NA,NA,
Caribbean,Sargentita,1/25/2016,19:25:00,21:55:00,21:15:00,see notes,160125_09,1,GMR,NA,NA,unknown species or Pristimantis spp,
Caribbean,Sargentita,7/21/2016,20:50:00,21:50:00,21:09:00,unknown species,160721_A01,1,939-952,NA,NA,NA,
Caribbean,Sargentita,7/22/2016,19:20:00,21:45:00,20:14:00,unknown species,160722_A17,1,012-0020,NA,160722G01 - Parasite,NA,
Caribbean,Sargentita,7/22/2016,19:20:00,21:45:00,22:19:00,unknown species,160722_A20,0,NA,NA,160722G01 - Parasite,NA,
El Cope,Sophia Stream,6/2/2013,09:30:00,11:33:00,NA,unknown species,NA,0,NA,NA,NA,NA,
El Cope,Sophia Stream,6/13/2014,09:40:00,18:00:00,NA,unknown species,NA,0,NA,"*stream is very dry* many sections are without water. At 14:20, rained very hard til 15:30",NA,NA,
El Cope,Sophia Stream,6/13/2014,09:40:00,18:00:00,NA,unknown species,NA,0,NA,"*stream is very dry* many sections are without water. At 14:20, rained very hard til 15:30",NA,NA,
El Cope,Sophia Stream,12/17/2014,10:29:00,14:33:00,NA,unknown species,NA,0,NA,NA,NA,NA,
El Cope,Sophia Stream,12/16/2015,20:30:00,22:07:00,20:50:00,unknown species,151216_A23,1,GMR,"Only made it to 110m along transect, turned back because stream was dry",NA,Goncalo photo,
El Cope,Sophia Stream,12/16/2015,20:30:00,22:07:00,21:55:00,unknown species,151216_A26,1,GMR,"Only made it to 110m along transect, turned back because stream was dry",NA,Goncalo photo,
El Cope,Sophia Stream,8/7/2019,14:40:00,16:24:00,14:49:00,unknown species,190807_01,1,KB,maybe RHAHAE,NA,NA,
El Cope,Sophia Stream,8/7/2019,14:40:00,16:24:00,16:00:00,unknown species,190807_06,0,NA,maybe RHAHAE,NA,NA,
El Cope,Sophia Stream,8/7/2019,14:40:00,16:24:00,16:12:00,unknown species,190807_07,0,NA,"check species, says large toad, maybe RHAHAE",NA,NA,
El Cope,Sophia Stream,8/8/2019,14:11:00,15:42:00,NA,unknown species,190808_K05,0,NA,"Collected DOD, found by house caretaker, salamander probably killed by weed wacker.",NA,NA,
El Cope,Sophia Stream,12/11/2019,18:53:00,21:51:00,NA,unknown species,191211_46,NA,NA,NA,NA,NA,
El Cope,Sophia Stream,12/11/2019,18:53:00,21:51:00,NA,unknown species,191211_47,NA,NA,NA,NA,NA,
El Cope,Sophia Stream,12/11/2019,18:53:00,21:51:00,NA,unknown species,191211_48,NA,NA,NA,NA,NA,
El Cope,Sophia Stream,12/11/2019,18:53:00,21:51:00,NA,unknown species,191211_49,NA,NA,NA,NA,NA,
El Cope,Sophia Stream,12/11/2019,18:53:00,21:51:00,NA,unknown species,191211_50,NA,NA,NA,NA,NA,
El Valle,Sora,10/27/2012,11:00:00,15:00:00,NA,unknown species,NA,0,NA,"old egg mass from day 2, dry, mites and ants on some of the eggs",NA,NA,
El Valle,Sora,10/27/2012,11:00:00,15:00:00,11:25:00,unknown species,NA,0,NA,50 eggs,NA,NA,
El Valle,Sora,10/28/2012,10:41:00,12:30:00,11:25:00,unknown species,NA,0,NA,50 eggs,NA,NA,
El Valle,Sora,5/20/2014,10:50:00,14:30:00,12:30:00,see notes,140520_01,1,Rp: 1778-91,NA,NA,unknown species or Hyloscirtus palmeri,
El Valle,Sora,12/2/2015,13:47:00,16:32:00,NA,unknown species,NA,0,NA,"10 eggs, or 10 egg masses?",NA,NA,
